{
  "regime": "A - Alta Entropía",
  "conversationId": 1,
  "totalMessages": 50,
  "statistics": {
    "epsilon": {
      "mean": 0.44066446733542536,
      "median": 0.43562760412909907,
      "std": 0.09104537676458617,
      "min": 0.30300122679389946,
      "max": 0.5921934487207863,
      "range": 0.2891922219268868
    },
    "omega": {
      "mean": 0.34304279334410254,
      "median": 0.3569345448460657,
      "std": 0.052316995765829474,
      "min": 0.2193658199715664,
      "max": 0.4228316279010258,
      "range": 0.2034658079294594
    },
    "V": {
      "mean": 0.6569571457394051,
      "median": 0.6463362971848058,
      "std": 0.052316996921772774,
      "min": 0.5771683758375942,
      "max": 0.7806341283623225,
      "range": 0.20346575252472832
    },
    "stability": {
      "mean": 0.7951630457082812,
      "median": 0.7859137164332006,
      "std": 0.056459754774740446,
      "min": 0.7047645077893925,
      "max": 0.8985538488552556,
      "range": 0.1937893410658631
    }
  },
  "driftAnalysis": {
    "epsilon": {
      "slope": -0.00019583942194764336,
      "totalChange": -0.011337948307031609,
      "trend": -1,
      "volatility": 0.12823416589059355
    },
    "omega": {
      "slope": -0.00026192692028440494,
      "totalChange": -0.059038132865579296,
      "trend": -1,
      "volatility": 0.056487406361785585
    },
    "V": {
      "slope": 0.00026192638356565406,
      "totalChange": 0.059037915688498366,
      "trend": 1,
      "volatility": 0.05648740792987777
    }
  },
  "earlyDriftAnalysis": {
    "epsilon": {
      "slope": 0.011443846345509823,
      "totalChange": -0.004440678685319166,
      "trend": 1,
      "volatility": 0.10796802659080548
    },
    "omega": {
      "slope": -0.003015469382891122,
      "totalChange": -0.012547511254256516,
      "trend": -1,
      "volatility": 0.024502758668602312
    },
    "V": {
      "slope": 0.0030154743962592647,
      "totalChange": 0.012547481259841287,
      "trend": 1,
      "volatility": 0.02450275715738011
    }
  },
  "temporalEvolution": [
    {
      "turnRange": "1-5",
      "avgEpsilon": 0.39238650418316573,
      "avgOmega": 0.3651653801774091,
      "avgV": 0.6348345472055321,
      "avgStability": 0.8304676745181023
    },
    {
      "turnRange": "6-10",
      "avgEpsilon": 0.45099039563986904,
      "avgOmega": 0.3504993875752707,
      "avgV": 0.6495005959863913,
      "avgStability": 0.7839506101836066
    },
    {
      "turnRange": "11-15",
      "avgEpsilon": 0.4966777733621065,
      "avgOmega": 0.32608064493096445,
      "avgV": 0.6739192808534599,
      "avgStability": 0.7652174311605334
    },
    {
      "turnRange": "16-20",
      "avgEpsilon": 0.4365454722268254,
      "avgOmega": 0.3714099778587439,
      "avgV": 0.6285899898519849,
      "avgStability": 0.741065856618246
    },
    {
      "turnRange": "21-25",
      "avgEpsilon": 0.42225017999129505,
      "avgOmega": 0.31018631057563467,
      "avgV": 0.6898136420026264,
      "avgStability": 0.8141963604881154
    },
    {
      "turnRange": "26-30",
      "avgEpsilon": 0.4368642064181224,
      "avgOmega": 0.3065512106815299,
      "avgV": 0.6934486608287379,
      "avgStability": 0.8179583692064331
    },
    {
      "turnRange": "31-35",
      "avgEpsilon": 0.49903194350639374,
      "avgOmega": 0.3563889175395315,
      "avgV": 0.643611009356839,
      "avgStability": 0.7837536074819668
    },
    {
      "turnRange": "36-40",
      "avgEpsilon": 0.4252005598697747,
      "avgOmega": 0.374839534727845,
      "avgV": 0.625160473939248,
      "avgStability": 0.8079796409680476
    },
    {
      "turnRange": "41-45",
      "avgEpsilon": 0.46843701492516854,
      "avgOmega": 0.35485053258531524,
      "avgV": 0.6451493994285793,
      "avgStability": 0.8091118737778504
    },
    {
      "turnRange": "46-50",
      "avgEpsilon": 0.37826062323153187,
      "avgOmega": 0.31445603678878087,
      "avgV": 0.685543857940653,
      "avgStability": 0.7979290326799091
    }
  ],
  "timestamp": "2026-01-23T20:57:07.444Z"
}